Time,"Oil Temperature","Coolant Temperature","Intake Air Temperature","Boost Pressure","Engine Speed","Vehicle Speed","Actual Gear","Lambda Actual Value","Boost Pressure Setpoint","Boost Pressure Raw Value","Intake Manifold Absolute Pressure","Air Mass Flow","Coordinated Target Torque on the Wheel","Normalized Accelerator Pedal Angle"
0.000,0,0,0,0,0,0,0,1.02,0,0,0,0,0,0
0.150,0,0,0,0,0,0,0,1.02,0.03,0,0,0,0,0
0.300,0,0,0,0,0,0,0,1.02,0.03,15.53,0,0,0,0
0.450,0,0,0,0,0,0,0,1.02,0.03,15.53,14.05,0,0,0
0.600,0,0,0,0,0,0,0,1.02,0.03,15.53,14.05,48.00,0,0
0.750,0,0,0,0,0,0,0,1.02,0.03,15.53,14.05,48.00,122.44,0
0.900,0,0,0,0,0,0,0,1.02,0.03,15.53,14.05,48.00,122.44,13.40
1.050,201.20,0,0,0,0,0,0,1.02,0.03,15.53,14.05,48.00,122.44,13.40
1.200,201.20,201.13,0,0,0,0,0,1.02,0.03,15.53,14.05,48.00,122.44,13.40
1.350,201.20,201.13,90.05,0,0,0,0,1.02,0.03,15.53,14.05,48.00,122.44,13.40
1.500,201.20,201.13,90.05,0.87,0,0,0,1.02,0.03,15.53,14.05,48.00,122.44,13.40
1.650,201.20,201.13,90.05,0.87,1838.00,0,0,1.02,0.03,15.53,14.05,48.00,122.44,13.40
1.799,201.20,201.13,90.05,0.87,1838.00,49.13,0,1.02,0.03,15.53,14.05,48.00,122.44,13.40
1.949,201.20,201.13,90.05,0.87,1838.00,49.13,6.00,1.02,0.03,15.53,14.05,48.00,122.44,13.40
2.099,201.20,201.13,90.05,0.87,1838.00,49.13,6.00,1.02,0.03,15.53,14.05,48.00,122.44,13.40
2.250,201.20,201.13,90.05,0.87,1838.00,49.13,6.00,1.02,0.02,15.53,14.05,48.00,122.44,13.40
2.400,201.20,201.13,90.05,0.87,1838.00,49.13,6.00,1.02,0.02,15.41,14.05,48.00,122.44,13.40
2.550,201.20,201.13,90.05,0.87,1838.00,49.13,6.00,1.02,0.02,15.41,13.40,48.00,122.44,13.40
2.699,201.20,201.13,90.05,0.87,1838.00,49.13,6.00,1.02,0.02,15.41,13.40,104.00,122.44,13.40
2.850,201.20,201.13,90.05,0.87,1838.00,49.13,6.00,1.02,0.02,15.41,13.40,104.00,-14.01,13.40
3.000,201.20,201.13,90.05,0.87,1838.00,49.13,6.00,1.02,0.02,15.41,13.40,104.00,-14.01,7.95
3.150,201.20,201.13,90.05,0.87,1838.00,49.13,6.00,1.02,0.02,15.41,13.40,104.00,-14.01,7.95
3.300,201.20,200.95,90.05,0.87,1838.00,49.13,6.00,1.02,0.02,15.41,13.40,104.00,-14.01,7.95
3.450,201.20,200.95,90.05,0.87,1838.00,49.13,6.00,1.02,0.02,15.41,13.40,104.00,-14.01,7.95
3.600,201.20,200.95,90.05,1.94,1838.00,49.13,6.00,1.02,0.02,15.41,13.40,104.00,-14.01,7.95
3.750,201.20,200.95,90.05,1.94,3102.50,49.13,6.00,1.02,0.02,15.41,13.40,104.00,-14.01,7.95
3.900,201.20,200.95,90.05,1.94,3102.50,48.18,6.00,1.02,0.02,15.41,13.40,104.00,-14.01,7.95
4.050,201.20,200.95,90.05,1.94,3102.50,48.18,4.00,1.02,0.02,15.41,13.40,104.00,-14.01,7.95
4.200,201.20,200.95,90.05,1.94,3102.50,48.18,4.00,0.98,0.02,15.41,13.40,104.00,-14.01,7.95
4.350,201.20,200.95,90.05,1.94,3102.50,48.18,4.00,0.98,0.05,15.41,13.40,104.00,-14.01,7.95
4.500,201.20,200.95,90.05,1.94,3102.50,48.18,4.00,0.98,0.05,16.89,13.40,104.00,-14.01,7.95
4.680,201.20,200.95,90.05,1.94,3102.50,48.18,4.00,0.98,0.05,16.89,14.06,104.00,-14.01,7.95
4.830,201.20,200.95,90.05,1.94,3102.50,48.18,4.00,0.98,0.05,16.89,14.06,156.00,-14.01,7.95
4.980,201.20,200.95,90.05,1.94,3102.50,48.18,4.00,0.98,0.05,16.89,14.06,156.00,485.32,7.95
5.130,201.20,200.95,90.05,1.94,3102.50,48.18,4.00,0.98,0.05,16.89,14.06,156.00,485.32,22.51
5.280,201.20,200.95,90.05,1.94,3102.50,48.18,4.00,0.98,0.05,16.89,14.06,156.00,485.32,22.51
5.430,201.20,200.95,90.05,1.94,3102.50,48.18,4.00,0.98,0.05,16.89,14.06,156.00,485.32,22.51
5.580,201.20,200.95,90.05,1.94,3102.50,48.18,4.00,0.98,0.05,16.89,14.06,156.00,485.32,22.51
5.730,201.20,200.95,90.05,3.39,3102.50,48.18,4.00,0.98,0.05,16.89,14.06,156.00,485.32,22.51
5.880,201.20,200.95,90.05,3.39,2519.50,48.18,4.00,0.98,0.05,16.89,14.06,156.00,485.32,22.51
6.030,201.20,200.95,90.05,3.39,2519.50,50.47,4.00,0.98,0.05,16.89,14.06,156.00,485.32,22.51
6.180,201.20,200.95,90.05,3.39,2519.50,50.47,5.00,0.98,0.05,16.89,14.06,156.00,485.32,22.51
6.330,201.20,200.95,90.05,3.39,2519.50,50.47,5.00,0.98,0.05,16.89,14.06,156.00,485.32,22.51
6.480,201.20,200.95,90.05,3.39,2519.50,50.47,5.00,0.98,0.29,16.89,14.06,156.00,485.32,22.51
6.630,201.20,200.95,90.05,3.39,2519.50,50.47,5.00,0.98,0.29,18.13,14.06,156.00,485.32,22.51
6.780,201.20,200.95,90.05,3.39,2519.50,50.47,5.00,0.98,0.29,18.13,15.15,156.00,485.32,22.51
6.930,201.20,200.95,90.05,3.39,2519.50,50.47,5.00,0.98,0.29,18.13,15.15,28.00,485.32,22.51
7.110,201.20,200.95,90.05,3.39,2519.50,50.47,5.00,0.98,0.29,18.13,15.15,28.00,148.25,22.51
7.260,201.20,200.95,90.05,3.39,2519.50,50.47,5.00,0.98,0.29,18.13,15.15,28.00,148.25,20.52
7.410,201.20,200.95,90.05,3.39,2519.50,50.47,5.00,0.98,0.29,18.13,15.15,28.00,148.25,20.52
7.560,201.20,200.77,90.05,3.39,2519.50,50.47,5.00,0.98,0.29,18.13,15.15,28.00,148.25,20.52
7.710,201.20,200.77,90.05,3.39,2519.50,50.47,5.00,0.98,0.29,18.13,15.15,28.00,148.25,20.52
7.860,201.20,200.77,90.05,3.16,2519.50,50.47,5.00,0.98,0.29,18.13,15.15,28.00,148.25,20.52
8.011,201.20,200.77,90.05,3.16,3327.00,50.47,5.00,0.98,0.29,18.13,15.15,28.00,148.25,20.52
8.160,201.20,200.77,90.05,3.16,3327.00,51.83,5.00,0.98,0.29,18.13,15.15,28.00,148.25,20.52
8.310,201.20,200.77,90.05,3.16,3327.00,51.83,4.00,0.98,0.29,18.13,15.15,28.00,148.25,20.52
8.460,201.20,200.77,90.05,3.16,3327.00,51.83,4.00,0.98,0.29,18.13,15.15,28.00,148.25,20.52
8.610,201.20,200.77,90.05,3.16,3327.00,51.83,4.00,0.98,0.71,18.13,15.15,28.00,148.25,20.52
8.760,201.20,200.77,90.05,3.16,3327.00,51.83,4.00,0.98,0.71,19.68,15.15,28.00,148.25,20.52
8.910,201.20,200.77,90.05,3.16,3327.00,51.83,4.00,0.98,0.71,19.68,14.32,28.00,148.25,20.52
9.060,201.20,200.77,90.05,3.16,3327.00,51.83,4.00,0.98,0.71,19.68,14.32,172.00,148.25,20.52
9.210,201.20,200.77,90.05,3.16,3327.00,51.83,4.00,0.98,0.71,19.68,14.32,172.00,490.48,20.52
9.360,201.20,200.77,90.05,3.16,3327.00,51.83,4.00,0.98,0.71,19.68,14.32,172.00,490.48,22.51
9.510,203.00,200.77,90.05,3.16,3327.00,51.83,4.00,0.98,0.71,19.68,14.32,172.00,490.48,22.51
9.661,203.00,200.95,90.05,3.16,3327.00,51.83,4.00,0.98,0.71,19.68,14.32,172.00,490.48,22.51
9.810,203.00,200.95,88.70,3.16,3327.00,51.83,4.00,0.98,0.71,19.68,14.32,172.00,490.48,22.51
9.960,203.00,200.95,88.70,3.98,3327.00,51.83,4.00,0.98,0.71,19.68,14.32,172.00,490.48,22.51
10.110,203.00,200.95,88.70,3.98,3536.00,51.83,4.00,0.98,0.71,19.68,14.32,172.00,490.48,22.51
10.260,203.00,200.95,88.70,3.98,3536.00,55.07,4.00,0.98,0.71,19.68,14.32,172.00,490.48,22.51
10.410,203.00,200.95,88.70,3.98,3536.00,55.07,4.00,0.98,0.71,19.68,14.32,172.00,490.48,22.51
10.560,203.00,200.95,88.70,3.98,3536.00,55.07,4.00,1.01,0.71,19.68,14.32,172.00,490.48,22.51
10.710,203.00,200.95,88.70,3.98,3536.00,55.07,4.00,1.01,0.06,19.68,14.32,172.00,490.48,22.51
10.860,203.00,200.95,88.70,3.98,3536.00,55.07,4.00,1.01,0.06,17.88,14.32,172.00,490.48,22.51
11.010,203.00,200.95,88.70,3.98,3536.00,55.07,4.00,1.01,0.06,17.88,13.97,172.00,490.48,22.51
11.160,203.00,200.95,88.70,3.98,3536.00,55.07,4.00,1.01,0.06,17.88,13.97,116.00,490.48,22.51
11.310,203.00,200.95,88.70,3.98,3536.00,55.07,4.00,1.01,0.06,17.88,13.97,116.00,265.52,22.51
11.460,203.00,200.95,88.70,3.98,3536.00,55.07,4.00,1.01,0.06,17.88,13.97,116.00,265.52,17.21
11.610,203.00,200.95,88.70,3.98,3536.00,55.07,4.00,1.01,0.06,17.88,13.97,116.00,265.52,17.21
11.760,203.00,201.13,88.70,3.98,3536.00,55.07,4.00,1.01,0.06,17.88,13.97,116.00,265.52,17.21
11.910,203.00,201.13,88.70,3.98,3536.00,55.07,4.00,1.01,0.06,17.88,13.97,116.00,265.52,17.21
12.060,203.00,201.13,88.70,2.43,3536.00,55.07,4.00,1.01,0.06,17.88,13.97,116.00,265.52,17.21
12.240,203.00,201.13,88.70,2.43,3615.00,55.07,4.00,1.01,0.06,17.88,13.97,116.00,265.52,17.21
12.390,203.00,201.13,88.70,2.43,3615.00,56.35,4.00,1.01,0.06,17.88,13.97,116.00,265.52,17.21
12.539,203.00,201.13,88.70,2.43,3615.00,56.35,4.00,1.01,0.06,17.88,13.97,116.00,265.52,17.21
12.690,203.00,201.13,88.70,2.43,3615.00,56.35,4.00,1.00,0.06,17.88,13.97,116.00,265.52,17.21
12.840,203.00,201.13,88.70,2.43,3615.00,56.35,4.00,1.00,0.05,17.88,13.97,116.00,265.52,17.21
13.020,203.00,201.13,88.70,2.43,3615.00,56.35,4.00,1.00,0.05,16.96,13.97,116.00,265.52,17.21
13.170,203.00,201.13,88.70,2.43,3615.00,56.35,4.00,1.00,0.05,16.96,13.96,116.00,265.52,17.21
13.320,203.00,201.13,88.70,2.43,3615.00,56.35,4.00,1.00,0.05,16.96,13.96,96.00,265.52,17.21
13.470,203.00,201.13,88.70,2.43,3615.00,56.35,4.00,1.00,0.05,16.96,13.96,96.00,169.64,17.21
13.620,203.00,201.13,88.70,2.43,3615.00,56.35,4.00,1.00,0.05,16.96,13.96,96.00,169.64,16.22
13.770,203.00,201.13,88.70,2.43,3615.00,56.35,4.00,1.00,0.05,16.96,13.96,96.00,169.64,16.22
13.920,203.00,201.67,88.70,2.43,3615.00,56.35,4.00,1.00,0.05,16.96,13.96,96.00,169.64,16.22
14.070,203.00,201.67,90.05,2.43,3615.00,56.35,4.00,1.00,0.05,16.96,13.96,96.00,169.64,16.22
14.220,203.00,201.67,90.05,1.89,3615.00,56.35,4.00,1.00,0.05,16.96,13.96,96.00,169.64,16.22
14.370,203.00,201.67,90.05,1.89,3643.50,56.35,4.00,1.00,0.05,16.96,13.96,96.00,169.64,16.22
14.520,203.00,201.67,90.05,1.89,3643.50,56.71,4.00,1.00,0.05,16.96,13.96,96.00,169.64,16.22
14.670,203.00,201.67,90.05,1.89,3643.50,56.71,4.00,1.00,0.05,16.96,13.96,96.00,169.64,16.22
14.820,203.00,201.67,90.05,1.89,3643.50,56.71,4.00,0.99,0.05,16.96,13.96,96.00,169.64,16.22
14.970,203.00,201.67,90.05,1.89,3643.50,56.71,4.00,0.99,0.03,16.96,13.96,96.00,169.64,16.22
15.150,203.00,201.67,90.05,1.89,3643.50,56.71,4.00,0.99,0.03,17.08,13.96,96.00,169.64,16.22
15.300,203.00,201.67,90.05,1.89,3643.50,56.71,4.00,0.99,0.03,17.08,13.54,96.00,169.64,16.22
15.450,203.00,201.67,90.05,1.89,3643.50,56.71,4.00,0.99,0.03,17.08,13.54,264.00,169.64,16.22
15.600,203.00,201.67,90.05,1.89,3643.50,56.71,4.00,0.99,0.03,17.08,13.54,264.00,53.84,16.22
15.780,203.00,201.67,90.05,1.89,3643.50,56.71,4.00,0.99,0.03,17.08,13.54,264.00,53.84,14.73
15.930,203.00,201.67,90.05,1.89,3643.50,56.71,4.00,0.99,0.03,17.08,13.54,264.00,53.84,14.73
16.080,203.00,202.03,90.05,1.89,3643.50,56.71,4.00,0.99,0.03,17.08,13.54,264.00,53.84,14.73
16.260,203.00,202.03,88.70,1.89,3643.50,56.71,4.00,0.99,0.03,17.08,13.54,264.00,53.84,14.73
16.410,203.00,202.03,88.70,3.51,3643.50,56.71,4.00,0.99,0.03,17.08,13.54,264.00,53.84,14.73
16.560,203.00,202.03,88.70,3.51,4576.00,56.71,4.00,0.99,0.03,17.08,13.54,264.00,53.84,14.73
16.710,203.00,202.03,88.70,3.51,4576.00,56.46,4.00,0.99,0.03,17.08,13.54,264.00,53.84,14.73
16.860,203.00,202.03,88.70,3.51,4576.00,56.46,3.00,0.99,0.03,17.08,13.54,264.00,53.84,14.73
17.010,203.00,202.03,88.70,3.51,4576.00,56.46,3.00,1.01,0.03,17.08,13.54,264.00,53.84,14.73
17.160,203.00,202.03,88.70,3.51,4576.00,56.46,3.00,1.01,0.05,17.08,13.54,264.00,53.84,14.73
17.310,203.00,202.03,88.70,3.51,4576.00,56.46,3.00,1.01,0.05,17.45,13.54,264.00,53.84,14.73
17.460,203.00,202.03,88.70,3.51,4576.00,56.46,3.00,1.01,0.05,17.45,13.93,264.00,53.84,14.73
17.610,203.00,202.03,88.70,3.51,4576.00,56.46,3.00,1.01,0.05,17.45,13.93,116.00,53.84,14.73
17.760,203.00,202.03,88.70,3.51,4576.00,56.46,3.00,1.01,0.05,17.45,13.93,116.00,163.74,14.73
17.910,203.00,202.03,88.70,3.51,4576.00,56.46,3.00,1.01,0.05,17.45,13.93,116.00,163.74,16.38
18.060,203.00,202.03,88.70,3.51,4576.00,56.46,3.00,1.01,0.05,17.45,13.93,116.00,163.74,16.38
18.210,203.00,202.39,88.70,3.51,4576.00,56.46,3.00,1.01,0.05,17.45,13.93,116.00,163.74,16.38
18.360,203.00,202.39,88.70,3.51,4576.00,56.46,3.00,1.01,0.05,17.45,13.93,116.00,163.74,16.38
18.510,203.00,202.39,88.70,2.62,4576.00,56.46,3.00,1.01,0.05,17.45,13.93,116.00,163.74,16.38
18.660,203.00,202.39,88.70,2.62,4614.00,56.46,3.00,1.01,0.05,17.45,13.93,116.00,163.74,16.38
18.810,203.00,202.39,88.70,2.62,4614.00,56.87,3.00,1.01,0.05,17.45,13.93,116.00,163.74,16.38
18.960,203.00,202.39,88.70,2.62,4614.00,56.87,3.00,1.01,0.05,17.45,13.93,116.00,163.74,16.38
19.110,203.00,202.39,88.70,2.62,4614.00,56.87,3.00,1.03,0.05,17.45,13.93,116.00,163.74,16.38
19.260,203.00,202.39,88.70,2.62,4614.00,56.87,3.00,1.03,0.05,17.45,13.93,116.00,163.74,16.38
19.410,203.00,202.39,88.70,2.62,4614.00,56.87,3.00,1.03,0.05,17.02,13.93,116.00,163.74,16.38
19.559,203.00,202.39,88.70,2.62,4614.00,56.87,3.00,1.03,0.05,17.02,13.95,116.00,163.74,16.38
19.710,203.00,202.39,88.70,2.62,4614.00,56.87,3.00,1.03,0.05,17.02,13.95,108.00,163.74,16.38
19.860,203.00,202.39,88.70,2.62,4614.00,56.87,3.00,1.03,0.05,17.02,13.95,108.00,134.24,16.38
20.040,203.00,202.39,88.70,2.62,4614.00,56.87,3.00,1.03,0.05,17.02,13.95,108.00,134.24,15.39
20.190,204.80,202.39,88.70,2.62,4614.00,56.87,3.00,1.03,0.05,17.02,13.95,108.00,134.24,15.39
20.340,204.80,202.75,88.70,2.62,4614.00,56.87,3.00,1.03,0.05,17.02,13.95,108.00,134.24,15.39
20.490,204.80,202.75,90.05,2.62,4614.00,56.87,3.00,1.03,0.05,17.02,13.95,108.00,134.24,15.39
20.640,204.80,202.75,90.05,2.42,4614.00,56.87,3.00,1.03,0.05,17.02,13.95,108.00,134.24,15.39
20.790,204.80,202.75,90.05,2.42,4619.50,56.87,3.00,1.03,0.05,17.02,13.95,108.00,134.24,15.39
20.941,204.80,202.75,90.05,2.42,4619.50,57.05,3.00,1.03,0.05,17.02,13.95,108.00,134.24,15.39
21.090,204.80,202.75,90.05,2.42,4619.50,57.05,3.00,1.03,0.05,17.02,13.95,108.00,134.24,15.39
21.240,204.80,202.75,90.05,2.42,4619.50,57.05,3.00,1.00,0.05,17.02,13.95,108.00,134.24,15.39
21.390,204.80,202.75,90.05,2.42,4619.50,57.05,3.00,1.00,0.01,17.02,13.95,108.00,134.24,15.39
21.540,204.80,202.75,90.05,2.42,4619.50,57.05,3.00,1.00,0.01,31.77,13.95,108.00,134.24,15.39
21.690,204.80,202.75,90.05,2.42,4619.50,57.05,3.00,1.00,0.01,31.77,29.26,108.00,134.24,15.39
21.840,204.80,202.75,90.05,2.42,4619.50,57.05,3.00,1.00,0.01,31.77,29.26,608.00,134.24,15.39
21.990,204.80,202.75,90.05,2.42,4619.50,57.05,3.00,1.00,0.01,31.77,29.26,608.00,2243.66,15.39
22.140,204.80,202.75,90.05,2.42,4619.50,57.05,3.00,1.00,0.01,31.77,29.26,608.00,2243.66,100.00
22.290,204.80,202.75,90.05,2.42,4619.50,57.05,3.00,1.00,0.01,31.77,29.26,608.00,2243.66,100.00
22.470,204.80,203.11,90.05,2.42,4619.50,57.05,3.00,1.00,0.01,31.77,29.26,608.00,2243.66,100.00
22.620,204.80,203.11,90.05,2.42,4619.50,57.05,3.00,1.00,0.01,31.77,29.26,608.00,2243.66,100.00
22.770,204.80,203.11,90.05,28.94,4619.50,57.05,3.00,1.00,0.01,31.77,29.26,608.00,2243.66,100.00
22.920,204.80,203.11,90.05,28.94,4585.00,57.05,3.00,1.00,0.01,31.77,29.26,608.00,2243.66,100.00
23.070,204.80,203.11,90.05,28.94,4585.00,56.75,3.00,1.00,0.01,31.77,29.26,608.00,2243.66,100.00
23.219,204.80,203.11,90.05,28.94,4585.00,56.75,3.00,1.00,0.01,31.77,29.26,608.00,2243.66,100.00
23.370,204.80,203.11,90.05,28.94,4585.00,56.75,3.00,0.95,0.01,31.77,29.26,608.00,2243.66,100.00
23.519,204.80,203.11,90.05,28.94,4585.00,56.75,3.00,0.95,0.01,31.77,29.26,608.00,2243.66,100.00
23.670,204.80,203.11,90.05,28.94,4585.00,56.75,3.00,0.95,0.01,44.53,29.26,608.00,2243.66,100.00
23.820,204.80,203.11,90.05,28.94,4585.00,56.75,3.00,0.95,0.01,44.53,28.42,608.00,2243.66,100.00
23.970,204.80,203.11,90.05,28.94,4585.00,56.75,3.00,0.95,0.01,44.53,28.42,592.00,2243.66,100.00
24.119,204.80,203.11,90.05,28.94,4585.00,56.75,3.00,0.95,0.01,44.53,28.42,592.00,2275.38,100.00
24.269,204.80,203.11,90.05,28.94,4585.00,56.75,3.00,0.95,0.01,44.53,28.42,592.00,2275.38,100.00
24.419,206.60,203.11,90.05,28.94,4585.00,56.75,3.00,0.95,0.01,44.53,28.42,592.00,2275.38,100.00
24.569,206.60,204.55,90.05,28.94,4585.00,56.75,3.00,0.95,0.01,44.53,28.42,592.00,2275.38,100.00
24.720,206.60,204.55,91.40,28.94,4585.00,56.75,3.00,0.95,0.01,44.53,28.42,592.00,2275.38,100.00
24.869,206.60,204.55,91.40,16.30,4585.00,56.75,3.00,0.95,0.01,44.53,28.42,592.00,2275.38,100.00
25.020,206.60,204.55,91.40,16.30,5087.00,56.75,3.00,0.95,0.01,44.53,28.42,592.00,2275.38,100.00
25.169,206.60,204.55,91.40,16.30,5087.00,62.72,3.00,0.95,0.01,44.53,28.42,592.00,2275.38,100.00
25.319,206.60,204.55,91.40,16.30,5087.00,62.72,3.00,0.95,0.01,44.53,28.42,592.00,2275.38,100.00
25.470,206.60,204.55,91.40,16.30,5087.00,62.72,3.00,0.85,0.01,44.53,28.42,592.00,2275.38,100.00
25.620,206.60,204.55,91.40,16.30,5087.00,62.72,3.00,0.85,18.59,44.53,28.42,592.00,2275.38,100.00
25.770,206.60,204.55,91.40,16.30,5087.00,62.72,3.00,0.85,18.59,29.35,28.42,592.00,2275.38,100.00
25.920,206.60,204.55,91.40,16.30,5087.00,62.72,3.00,0.85,18.59,29.35,30.13,592.00,2275.38,100.00
26.070,206.60,204.55,91.40,16.30,5087.00,62.72,3.00,0.85,18.59,29.35,30.13,832.00,2275.38,100.00
26.220,206.60,204.55,91.40,16.30,5087.00,62.72,3.00,0.85,18.59,29.35,30.13,832.00,1999.53,100.00
26.370,206.60,204.55,91.40,16.30,5087.00,62.72,3.00,0.85,18.59,29.35,30.13,832.00,1999.53,100.00
26.520,210.20,204.55,91.40,16.30,5087.00,62.72,3.00,0.85,18.59,29.35,30.13,832.00,1999.53,100.00
26.670,210.20,207.97,91.40,16.30,5087.00,62.72,3.00,0.85,18.59,29.35,30.13,832.00,1999.53,100.00
26.819,210.20,207.97,92.75,16.30,5087.00,62.72,3.00,0.85,18.59,29.35,30.13,832.00,1999.53,100.00
26.970,210.20,207.97,92.75,15.83,5087.00,62.72,3.00,0.85,18.59,29.35,30.13,832.00,1999.53,100.00
27.119,210.20,207.97,92.75,15.83,6136.00,62.72,3.00,0.85,18.59,29.35,30.13,832.00,1999.53,100.00
27.269,210.20,207.97,92.75,15.83,6136.00,75.26,3.00,0.85,18.59,29.35,30.13,832.00,1999.53,100.00
27.420,210.20,207.97,92.75,15.83,6136.00,75.26,4.00,0.85,18.59,29.35,30.13,832.00,1999.53,100.00
27.600,210.20,207.97,92.75,15.83,6136.00,75.26,4.00,2.75,18.59,29.35,30.13,832.00,1999.53,100.00
27.750,210.20,207.97,92.75,15.83,6136.00,75.26,4.00,2.75,19.30,29.35,30.13,832.00,1999.53,100.00
27.900,210.20,207.97,92.75,15.83,6136.00,75.26,4.00,2.75,19.30,30.46,30.13,832.00,1999.53,100.00
28.050,210.20,207.97,92.75,15.83,6136.00,75.26,4.00,2.75,19.30,30.46,31.30,832.00,1999.53,100.00
28.199,210.20,207.97,92.75,15.83,6136.00,75.26,4.00,2.75,19.30,30.46,31.30,796.00,1999.53,100.00
28.350,210.20,207.97,92.75,15.83,6136.00,75.26,4.00,2.75,19.30,30.46,31.30,796.00,1657.30,100.00
28.500,210.20,207.97,92.75,15.83,6136.00,75.26,4.00,2.75,19.30,30.46,31.30,796.00,1657.30,100.00
28.650,215.60,207.97,92.75,15.83,6136.00,75.26,4.00,2.75,19.30,30.46,31.30,796.00,1657.30,100.00
28.800,215.60,210.31,92.75,15.83,6136.00,75.26,4.00,2.75,19.30,30.46,31.30,796.00,1657.30,100.00
28.950,215.60,210.31,94.10,15.83,6136.00,75.26,4.00,2.75,19.30,30.46,31.30,796.00,1657.30,100.00
29.100,215.60,210.31,94.10,17.47,6136.00,75.26,4.00,2.75,19.30,30.46,31.30,796.00,1657.30,100.00
29.250,215.60,210.31,94.10,17.47,5522.50,75.26,4.00,2.75,19.30,30.46,31.30,796.00,1657.30,100.00
29.400,215.60,210.31,94.10,17.47,5522.50,85.58,4.00,2.75,19.30,30.46,31.30,796.00,1657.30,100.00
29.550,215.60,210.31,94.10,17.47,5522.50,85.58,4.00,2.75,19.30,30.46,31.30,796.00,1657.30,100.00
29.700,215.60,210.31,94.10,17.47,5522.50,85.58,4.00,0.85,19.30,30.46,31.30,796.00,1657.30,100.00
29.850,215.60,210.31,94.10,17.47,5522.50,85.58,4.00,0.85,20.57,30.46,31.30,796.00,1657.30,100.00
30.000,215.60,210.31,94.10,17.47,5522.50,85.58,4.00,0.85,20.57,32.57,31.30,796.00,1657.30,100.00
30.149,215.60,210.31,94.10,17.47,5522.50,85.58,4.00,0.85,20.57,32.57,31.76,796.00,1657.30,100.00
30.300,215.60,210.31,94.10,17.47,5522.50,85.58,4.00,0.85,20.57,32.57,31.76,700.00,1657.30,100.00
30.449,215.60,210.31,94.10,17.47,5522.50,85.58,4.00,0.85,20.57,32.57,31.76,700.00,1467.75,100.00
30.600,215.60,210.31,94.10,17.47,5522.50,85.58,4.00,0.85,20.57,32.57,31.76,700.00,1467.75,100.00
30.749,219.20,210.31,94.10,17.47,5522.50,85.58,4.00,0.85,20.57,32.57,31.76,700.00,1467.75,100.00
30.899,219.20,200.05,94.10,17.47,5522.50,85.58,4.00,0.85,20.57,32.57,31.76,700.00,1467.75,100.00
31.049,219.20,200.05,95.45,17.47,5522.50,85.58,4.00,0.85,20.57,32.57,31.76,700.00,1467.75,100.00
31.200,219.20,200.05,95.45,17.91,5522.50,85.58,4.00,0.85,20.57,32.57,31.76,700.00,1467.75,100.00
31.355,219.20,200.05,95.45,17.91,4624.00,85.58,4.00,0.85,20.57,32.57,31.76,700.00,1467.75,100.00
31.500,219.20,200.05,95.45,17.91,4624.00,93.69,4.00,0.85,20.57,32.57,31.76,700.00,1467.75,100.00
31.649,219.20,200.05,95.45,17.91,4624.00,93.69,5.00,0.85,20.57,32.57,31.76,700.00,1467.75,100.00
31.803,219.20,200.05,95.45,17.91,4624.00,93.69,5.00,0.88,20.57,32.57,31.76,700.00,1467.75,100.00
31.954,219.20,200.05,95.45,17.91,4624.00,93.69,5.00,0.88,22.05,32.57,31.76,700.00,1467.75,100.00
32.100,219.20,200.05,95.45,17.91,4624.00,93.69,5.00,0.88,22.05,32.76,31.76,700.00,1467.75,100.00
32.250,219.20,200.05,95.45,17.91,4624.00,93.69,5.00,0.88,22.05,32.76,32.74,700.00,1467.75,100.00
32.399,219.20,200.05,95.45,17.91,4624.00,93.69,5.00,0.88,22.05,32.76,32.74,724.00,1467.75,100.00
32.551,219.20,200.05,95.45,17.91,4624.00,93.69,5.00,0.88,22.05,32.76,32.74,724.00,1344.58,100.00
32.707,219.20,200.05,95.45,17.91,4624.00,93.69,5.00,0.88,22.05,32.76,32.74,724.00,1344.58,100.00
32.849,219.20,200.05,95.45,17.91,4624.00,93.69,5.00,0.88,22.05,32.76,32.74,724.00,1344.58,100.00
33.000,219.20,195.01,95.45,17.91,4624.00,93.69,5.00,0.88,22.05,32.76,32.74,724.00,1344.58,100.00
33.151,219.20,195.01,95.45,17.91,4624.00,93.69,5.00,0.88,22.05,32.76,32.74,724.00,1344.58,100.00
33.300,219.20,195.01,95.45,18.17,4624.00,93.69,5.00,0.88,22.05,32.76,32.74,724.00,1344.58,100.00
33.450,219.20,195.01,95.45,18.17,3768.00,93.69,5.00,0.88,22.05,32.76,32.74,724.00,1344.58,100.00
33.600,219.20,195.01,95.45,18.17,3768.00,100.46,5.00,0.88,22.05,32.76,32.74,724.00,1344.58,100.00
33.750,219.20,195.01,95.45,18.17,3768.00,100.46,6.00,0.88,22.05,32.76,32.74,724.00,1344.58,100.00
33.901,219.20,195.01,95.45,18.17,3768.00,100.46,6.00,0.94,22.05,32.76,32.74,724.00,1344.58,100.00
34.050,219.20,195.01,95.45,18.17,3768.00,100.46,6.00,0.94,14.83,32.76,32.74,724.00,1344.58,100.00
34.199,219.20,195.01,95.45,18.17,3768.00,100.46,6.00,0.94,14.83,32.69,32.74,724.00,1344.58,100.00
34.349,219.20,195.01,95.45,18.17,3768.00,100.46,6.00,0.94,14.83,32.69,15.11,724.00,1344.58,100.00
34.499,219.20,195.01,95.45,18.17,3768.00,100.46,6.00,0.94,14.83,32.69,15.11,40.00,1344.58,100.00
34.649,219.20,195.01,95.45,18.17,3768.00,100.46,6.00,0.94,14.83,32.69,15.11,40.00,582.67,100.00
34.800,219.20,195.01,95.45,18.17,3768.00,100.46,6.00,0.94,14.83,32.69,15.11,40.00,582.67,0.00
34.949,221.00,195.01,95.45,18.17,3768.00,100.46,6.00,0.94,14.83,32.69,15.11,40.00,582.67,0.00
35.099,221.00,193.21,95.45,18.17,3768.00,100.46,6.00,0.94,14.83,32.69,15.11,40.00,582.67,0.00
35.279,221.00,193.21,95.45,18.17,3768.00,100.46,6.00,0.94,14.83,32.69,15.11,40.00,582.67,0.00
35.429,221.00,193.21,95.45,2.65,3768.00,100.46,6.00,0.94,14.83,32.69,15.11,40.00,582.67,0.00
35.580,221.00,193.21,95.45,2.65,3702.00,100.46,6.00,0.94,14.83,32.69,15.11,40.00,582.67,0.00
35.730,221.00,193.21,95.45,2.65,3702.00,99.37,6.00,0.94,14.83,32.69,15.11,40.00,582.67,0.00
35.879,221.00,193.21,95.45,2.65,3702.00,99.37,6.00,0.94,14.83,32.69,15.11,40.00,582.67,0.00
36.029,221.00,193.21,95.45,2.65,3702.00,99.37,6.00,16.00,14.83,32.69,15.11,40.00,582.67,0.00
36.180,221.00,193.21,95.45,2.65,3702.00,99.37,6.00,16.00,0.72,32.69,15.11,40.00,582.67,0.00
36.330,221.00,193.21,95.45,2.65,3702.00,99.37,6.00,16.00,0.72,16.58,15.11,40.00,582.67,0.00
36.479,221.00,193.21,95.45,2.65,3702.00,99.37,6.00,16.00,0.72,16.58,14.62,40.00,582.67,0.00
36.630,221.00,193.21,95.45,2.65,3702.00,99.37,6.00,16.00,0.72,16.58,14.62,36.00,582.67,0.00
36.779,221.00,193.21,95.45,2.65,3702.00,99.37,6.00,16.00,0.72,16.58,14.62,36.00,-36.14,0.00
36.929,221.00,193.21,95.45,2.65,3702.00,99.37,6.00,16.00,0.72,16.58,14.62,36.00,-36.14,0.00
37.080,219.20,193.21,95.45,2.65,3702.00,99.37,6.00,16.00,0.72,16.58,14.62,36.00,-36.14,0.00
37.230,219.20,191.95,95.45,2.65,3702.00,99.37,6.00,16.00,0.72,16.58,14.62,36.00,-36.14,0.00
37.379,219.20,191.95,95.45,2.65,3702.00,99.37,6.00,16.00,0.72,16.58,14.62,36.00,-36.14,0.00
37.529,219.20,191.95,95.45,1.49,3702.00,99.37,6.00,16.00,0.72,16.58,14.62,36.00,-36.14,0.00
37.680,219.20,191.95,95.45,1.49,3182.50,99.37,6.00,16.00,0.72,16.58,14.62,36.00,-36.14,0.00
37.830,219.20,191.95,95.45,1.49,3182.50,95.95,6.00,16.00,0.72,16.58,14.62,36.00,-36.14,0.00
37.979,219.20,191.95,95.45,1.49,3182.50,95.95,6.00,16.00,0.72,16.58,14.62,36.00,-36.14,0.00
38.129,219.20,191.95,95.45,1.49,3182.50,95.95,6.00,16.00,0.72,16.58,14.62,36.00,-36.14,0.00
38.279,219.20,191.95,95.45,1.49,3182.50,95.95,6.00,16.00,0.66,16.58,14.62,36.00,-36.14,0.00
38.430,219.20,191.95,95.45,1.49,3182.50,95.95,6.00,16.00,0.66,15.96,14.62,36.00,-36.14,0.00
38.580,219.20,191.95,95.45,1.49,3182.50,95.95,6.00,16.00,0.66,15.96,14.59,36.00,-36.14,0.00
38.730,219.20,191.95,95.45,1.49,3182.50,95.95,6.00,16.00,0.66,15.96,14.59,28.00,-36.14,0.00
38.880,219.20,191.95,95.45,1.49,3182.50,95.95,6.00,16.00,0.66,15.96,14.59,28.00,-36.88,0.00
39.030,219.20,191.95,95.45,1.49,3182.50,95.95,6.00,16.00,0.66,15.96,14.59,28.00,-36.88,0.00
39.180,217.40,191.95,95.45,1.49,3182.50,95.95,6.00,16.00,0.66,15.96,14.59,28.00,-36.88,0.00
39.330,217.40,189.61,95.45,1.49,3182.50,95.95,6.00,16.00,0.66,15.96,14.59,28.00,-36.88,0.00
39.480,217.40,189.61,95.45,1.49,3182.50,95.95,6.00,16.00,0.66,15.96,14.59,28.00,-36.88,0.00
39.630,217.40,189.61,95.45,1.02,3182.50,95.95,6.00,16.00,0.66,15.96,14.59,28.00,-36.88,0.00
39.780,217.40,189.61,95.45,1.02,2214.00,95.95,6.00,16.00,0.66,15.96,14.59,28.00,-36.88,0.00
39.930,217.40,189.61,95.45,1.02,2214.00,92.88,6.00,16.00,0.66,15.96,14.59,28.00,-36.88,0.00
40.080,217.40,189.61,95.45,1.02,2214.00,92.88,6.00,16.00,0.66,15.96,14.59,28.00,-36.88,0.00
40.230,217.40,189.61,95.45,1.02,2214.00,92.88,6.00,15.52,0.66,15.96,14.59,28.00,-36.88,0.00
40.380,217.40,189.61,95.45,1.02,2214.00,92.88,6.00,15.52,0.16,15.96,14.59,28.00,-36.88,0.00
40.530,217.40,189.61,95.45,1.02,2214.00,92.88,6.00,15.52,0.16,15.72,14.59,28.00,-36.88,0.00
40.680,217.40,189.61,95.45,1.02,2214.00,92.88,6.00,15.52,0.16,15.72,14.07,28.00,-36.88,0.00
40.830,217.40,189.61,95.45,1.02,2214.00,92.88,6.00,15.52,0.16,15.72,14.07,20.00,-36.88,0.00
40.980,217.40,189.61,95.45,1.02,2214.00,92.88,6.00,15.52,0.16,15.72,14.07,20.00,-36.88,0.00
41.130,217.40,189.61,95.45,1.02,2214.00,92.88,6.00,15.52,0.16,15.72,14.07,20.00,-36.88,0.00
41.280,217.40,189.61,95.45,1.02,2214.00,92.88,6.00,15.52,0.16,15.72,14.07,20.00,-36.88,0.00
41.430,217.40,186.91,95.45,1.02,2214.00,92.88,6.00,15.52,0.16,15.72,14.07,20.00,-36.88,0.00
41.580,217.40,186.91,95.45,1.02,2214.00,92.88,6.00,15.52,0.16,15.72,14.07,20.00,-36.88,0.00
41.730,217.40,186.91,95.45,0.82,2214.00,92.88,6.00,15.52,0.16,15.72,14.07,20.00,-36.88,0.00
41.880,217.40,186.91,95.45,0.82,2133.50,92.88,6.00,15.52,0.16,15.72,14.07,20.00,-36.88,0.00
42.029,217.40,186.91,95.45,0.82,2133.50,89.92,6.00,15.52,0.16,15.72,14.07,20.00,-36.88,0.00
42.180,217.40,186.91,95.45,0.82,2133.50,89.92,6.00,15.52,0.16,15.72,14.07,20.00,-36.88,0.00
42.329,217.40,186.91,95.45,0.82,2133.50,89.92,6.00,12.56,0.16,15.72,14.07,20.00,-36.88,0.00
42.479,217.40,186.91,95.45,0.82,2133.50,89.92,6.00,12.56,0.11,15.72,14.07,20.00,-36.88,0.00
42.629,217.40,186.91,95.45,0.82,2133.50,89.92,6.00,12.56,0.11,15.53,14.07,20.00,-36.88,0.00
42.788,217.40,186.91,95.45,0.82,2133.50,89.92,6.00,12.56,0.11,15.53,14.03,20.00,-36.88,0.00
42.960,217.40,186.91,95.45,0.82,2133.50,89.92,6.00,12.56,0.11,15.53,14.03,16.00,-36.88,0.00
43.110,217.40,186.91,95.45,0.82,2133.50,89.92,6.00,12.56,0.11,15.53,14.03,16.00,-36.88,0.00
43.271,217.40,186.91,95.45,0.82,2133.50,89.92,6.00,12.56,0.11,15.53,14.03,16.00,-36.88,0.00
43.411,215.60,186.91,95.45,0.82,2133.50,89.92,6.00,12.56,0.11,15.53,14.03,16.00,-36.88,0.00
43.560,215.60,184.21,95.45,0.82,2133.50,89.92,6.00,12.56,0.11,15.53,14.03,16.00,-36.88,0.00
43.710,215.60,184.21,95.45,0.82,2133.50,89.92,6.00,12.56,0.11,15.53,14.03,16.00,-36.88,0.00
43.859,215.60,184.21,95.45,0.73,2133.50,89.92,6.00,12.56,0.11,15.53,14.03,16.00,-36.88,0.00
44.010,215.60,184.21,95.45,0.73,2068.50,89.92,6.00,12.56,0.11,15.53,14.03,16.00,-36.88,0.00
44.161,215.60,184.21,95.45,0.73,2068.50,87.03,6.00,12.56,0.11,15.53,14.03,16.00,-36.88,0.00
44.310,215.60,184.21,95.45,0.73,2068.50,87.03,6.00,12.56,0.11,15.53,14.03,16.00,-36.88,0.00
44.459,215.60,184.21,95.45,0.73,2068.50,87.03,6.00,14.89,0.11,15.53,14.03,16.00,-36.88,0.00
44.611,215.60,184.21,95.45,0.73,2068.50,87.03,6.00,14.89,0.06,15.53,14.03,16.00,-36.88,0.00
44.760,215.60,184.21,95.45,0.73,2068.50,87.03,6.00,14.89,0.06,15.47,14.03,16.00,-36.88,0.00
44.910,215.60,184.21,95.45,0.73,2068.50,87.03,6.00,14.89,0.06,15.47,14.08,16.00,-36.88,0.00
45.060,215.60,184.21,95.45,0.73,2068.50,87.03,6.00,14.89,0.06,15.47,14.08,16.00,-36.88,0.00
45.211,215.60,184.21,95.45,0.73,2068.50,87.03,6.00,14.89,0.06,15.47,14.08,16.00,-36.88,0.00
45.360,215.60,184.21,95.45,0.73,2068.50,87.03,6.00,14.89,0.06,15.47,14.08,16.00,-36.88,0.00
45.510,215.60,184.21,95.45,0.73,2068.50,87.03,6.00,14.89,0.06,15.47,14.08,16.00,-36.88,0.00
45.660,215.60,181.69,95.45,0.73,2068.50,87.03,6.00,14.89,0.06,15.47,14.08,16.00,-36.88,0.00
45.810,215.60,181.69,95.45,0.73,2068.50,87.03,6.00,14.89,0.06,15.47,14.08,16.00,-36.88,0.00
45.960,215.60,181.69,95.45,0.66,2068.50,87.03,6.00,14.89,0.06,15.47,14.08,16.00,-36.88,0.00
46.110,215.60,181.69,95.45,0.66,2003.50,87.03,6.00,14.89,0.06,15.47,14.08,16.00,-36.88,0.00
46.260,215.60,181.69,95.45,0.66,2003.50,84.24,6.00,14.89,0.06,15.47,14.08,16.00,-36.88,0.00
46.410,215.60,181.69,95.45,0.66,2003.50,84.24,6.00,14.89,0.06,15.47,14.08,16.00,-36.88,0.00
46.560,215.60,181.69,95.45,0.66,2003.50,84.24,6.00,14.12,0.06,15.47,14.08,16.00,-36.88,0.00
46.710,215.60,181.69,95.45,0.66,2003.50,84.24,6.00,14.12,0.03,15.47,14.08,16.00,-36.88,0.00
46.860,215.60,181.69,95.45,0.66,2003.50,84.24,6.00,14.12,0.03,15.41,14.08,16.00,-36.88,0.00
47.011,215.60,181.69,95.45,0.66,2003.50,84.24,6.00,14.12,0.03,15.41,13.93,16.00,-36.88,0.00
47.160,215.60,181.69,95.45,0.66,2003.50,84.24,6.00,14.12,0.03,15.41,13.93,16.00,-36.88,0.00
47.310,215.60,181.69,95.45,0.66,2003.50,84.24,6.00,14.12,0.03,15.41,13.93,16.00,-36.88,0.00
47.460,215.60,181.69,95.45,0.66,2003.50,84.24,6.00,14.12,0.03,15.41,13.93,16.00,-36.88,0.00
47.610,213.80,181.69,95.45,0.66,2003.50,84.24,6.00,14.12,0.03,15.41,13.93,16.00,-36.88,0.00
47.761,213.80,179.35,95.45,0.66,2003.50,84.24,6.00,14.12,0.03,15.41,13.93,16.00,-36.88,0.00
47.910,213.80,179.35,95.45,0.66,2003.50,84.24,6.00,14.12,0.03,15.41,13.93,16.00,-36.88,0.00
48.061,213.80,179.35,95.45,0.62,2003.50,84.24,6.00,14.12,0.03,15.41,13.93,16.00,-36.88,0.00
48.211,213.80,179.35,95.45,0.62,1940.50,84.24,6.00,14.12,0.03,15.41,13.93,16.00,-36.88,0.00
48.360,213.80,179.35,95.45,0.62,1940.50,81.68,6.00,14.12,0.03,15.41,13.93,16.00,-36.88,0.00
48.510,213.80,179.35,95.45,0.62,1940.50,81.68,6.00,14.12,0.03,15.41,13.93,16.00,-36.88,0.00
48.660,213.80,179.35,95.45,0.62,1940.50,81.68,6.00,15.06,0.03,15.41,13.93,16.00,-36.88,0.00
48.811,213.80,179.35,95.45,0.62,1940.50,81.68,6.00,15.06,0.03,15.41,13.93,16.00,-36.88,0.00
48.960,213.80,179.35,95.45,0.62,1940.50,81.68,6.00,15.06,0.03,15.41,13.93,16.00,-36.88,0.00
49.110,213.80,179.35,95.45,0.62,1940.50,81.68,6.00,15.06,0.03,15.41,13.98,16.00,-36.88,0.00
49.260,213.80,179.35,95.45,0.62,1940.50,81.68,6.00,15.06,0.03,15.41,13.98,16.00,-36.88,0.00
49.410,213.80,179.35,95.45,0.62,1940.50,81.68,6.00,15.06,0.03,15.41,13.98,16.00,-36.88,0.00
49.560,213.80,179.35,95.45,0.62,1940.50,81.68,6.00,15.06,0.03,15.41,13.98,16.00,-36.88,0.00
49.710,212.00,179.35,95.45,0.62,1940.50,81.68,6.00,15.06,0.03,15.41,13.98,16.00,-36.88,0.00
49.860,212.00,177.37,95.45,0.62,1940.50,81.68,6.00,15.06,0.03,15.41,13.98,16.00,-36.88,0.00
50.010,212.00,177.37,94.10,0.62,1940.50,81.68,6.00,15.06,0.03,15.41,13.98,16.00,-36.88,0.00
50.160,212.00,177.37,94.10,0.57,1940.50,81.68,6.00,15.06,0.03,15.41,13.98,16.00,-36.88,0.00
50.310,212.00,177.37,94.10,0.57,1880.50,81.68,6.00,15.06,0.03,15.41,13.98,16.00,-36.88,0.00
50.461,212.00,177.37,94.10,0.57,1880.50,79.25,6.00,15.06,0.03,15.41,13.98,16.00,-36.88,0.00
50.640,212.00,177.37,94.10,0.57,1880.50,79.25,6.00,15.06,0.03,15.41,13.98,16.00,-36.88,0.00
50.790,212.00,177.37,94.10,0.57,1880.50,79.25,6.00,16.00,0.03,15.41,13.98,16.00,-36.88,0.00
50.940,212.00,177.37,94.10,0.57,1880.50,79.25,6.00,16.00,0.03,15.41,13.98,16.00,-36.88,0.00
51.090,212.00,177.37,94.10,0.57,1880.50,79.25,6.00,16.00,0.03,15.34,13.98,16.00,-36.88,0.00
51.241,212.00,177.37,94.10,0.57,1880.50,79.25,6.00,16.00,0.03,15.34,14.04,16.00,-36.88,0.00
51.390,212.00,177.37,94.10,0.57,1880.50,79.25,6.00,16.00,0.03,15.34,14.04,16.00,-36.88,0.00
51.540,212.00,177.37,94.10,0.57,1880.50,79.25,6.00,16.00,0.03,15.34,14.04,16.00,-36.88,0.00
51.691,212.00,177.37,94.10,0.57,1880.50,79.25,6.00,16.00,0.03,15.34,14.04,16.00,-36.88,0.00
51.839,212.00,177.37,94.10,0.57,1880.50,79.25,6.00,16.00,0.03,15.34,14.04,16.00,-36.88,0.00
51.990,212.00,175.03,94.10,0.57,1880.50,79.25,6.00,16.00,0.03,15.34,14.04,16.00,-36.88,0.00
52.140,212.00,175.03,94.10,0.57,1880.50,79.25,6.00,16.00,0.03,15.34,14.04,16.00,-36.88,0.00
52.290,212.00,175.03,94.10,0.54,1880.50,79.25,6.00,16.00,0.03,15.34,14.04,16.00,-36.88,0.00
52.440,212.00,175.03,94.10,0.54,1823.00,79.25,6.00,16.00,0.03,15.34,14.04,16.00,-36.88,0.00
52.657,212.00,175.03,94.10,0.54,1823.00,76.77,6.00,16.00,0.03,15.34,14.04,16.00,-36.88,0.00
52.799,212.00,175.03,94.10,0.54,1823.00,76.77,6.00,16.00,0.03,15.34,14.04,16.00,-36.88,0.00
52.949,212.00,175.03,94.10,0.54,1823.00,76.77,6.00,15.34,0.03,15.34,14.04,16.00,-36.88,0.00
53.100,212.00,175.03,94.10,0.54,1823.00,76.77,6.00,15.34,0.03,15.34,14.04,16.00,-36.88,0.00
53.250,212.00,175.03,94.10,0.54,1823.00,76.77,6.00,15.34,0.03,15.28,14.04,16.00,-36.88,0.00
53.400,212.00,175.03,94.10,0.54,1823.00,76.77,6.00,15.34,0.03,15.28,14.01,16.00,-36.88,0.00
53.550,212.00,175.03,94.10,0.54,1823.00,76.77,6.00,15.34,0.03,15.28,14.01,16.00,-36.88,0.00
53.700,212.00,175.03,94.10,0.54,1823.00,76.77,6.00,15.34,0.03,15.28,14.01,16.00,-36.88,0.00
53.850,212.00,175.03,94.10,0.54,1823.00,76.77,6.00,15.34,0.03,15.28,14.01,16.00,-36.88,0.00
54.004,210.20,175.03,94.10,0.54,1823.00,76.77,6.00,15.34,0.03,15.28,14.01,16.00,-36.88,0.00
54.168,210.20,173.05,94.10,0.54,1823.00,76.77,6.00,15.34,0.03,15.28,14.01,16.00,-36.88,0.00
54.300,210.20,173.05,94.10,0.54,1823.00,76.77,6.00,15.34,0.03,15.28,14.01,16.00,-36.88,0.00
54.480,210.20,173.05,94.10,0.49,1823.00,76.77,6.00,15.34,0.03,15.28,14.01,16.00,-36.88,0.00
54.630,210.20,173.05,94.10,0.49,1766.00,76.77,6.00,15.34,0.03,15.28,14.01,16.00,-36.88,0.00
54.780,210.20,173.05,94.10,0.49,1766.00,74.41,6.00,15.34,0.03,15.28,14.01,16.00,-36.88,0.00
54.930,210.20,173.05,94.10,0.49,1766.00,74.41,6.00,15.34,0.03,15.28,14.01,16.00,-36.88,0.00
55.080,210.20,173.05,94.10,0.49,1766.00,74.41,6.00,16.00,0.03,15.28,14.01,16.00,-36.88,0.00
55.230,210.20,173.05,94.10,0.49,1766.00,74.41,6.00,16.00,0.03,15.28,14.01,16.00,-36.88,0.00
55.380,210.20,173.05,94.10,0.49,1766.00,74.41,6.00,16.00,0.03,15.34,14.01,16.00,-36.88,0.00
55.530,210.20,173.05,94.10,0.49,1766.00,74.41,6.00,16.00,0.03,15.34,14.01,16.00,-36.88,0.00
55.680,210.20,173.05,94.10,0.49,1766.00,74.41,6.00,16.00,0.03,15.34,14.01,16.00,-36.88,0.00
55.830,210.20,173.05,94.10,0.49,1766.00,74.41,6.00,16.00,0.03,15.34,14.01,16.00,-36.88,0.00
55.980,210.20,173.05,94.10,0.49,1766.00,74.41,6.00,16.00,0.03,15.34,14.01,16.00,-36.88,0.00
56.130,210.20,173.05,94.10,0.49,1766.00,74.41,6.00,16.00,0.03,15.34,14.01,16.00,-36.88,0.00
56.280,210.20,171.79,94.10,0.49,1766.00,74.41,6.00,16.00,0.03,15.34,14.01,16.00,-36.88,0.00
56.430,210.20,171.79,94.10,0.49,1766.00,74.41,6.00,16.00,0.03,15.34,14.01,16.00,-36.88,0.00
56.580,210.20,171.79,94.10,0.46,1766.00,74.41,6.00,16.00,0.03,15.34,14.01,16.00,-36.88,0.00
56.729,210.20,171.79,94.10,0.46,1715.00,74.41,6.00,16.00,0.03,15.34,14.01,16.00,-36.88,0.00
56.880,210.20,171.79,94.10,0.46,1715.00,72.13,6.00,16.00,0.03,15.34,14.01,16.00,-36.88,0.00
57.031,210.20,171.79,94.10,0.46,1715.00,72.13,6.00,16.00,0.03,15.34,14.01,16.00,-36.88,0.00
57.180,210.20,171.79,94.10,0.46,1715.00,72.13,6.00,16.00,0.03,15.34,14.01,16.00,-36.88,0.00
